rownum,1,2,3,4,5,6,7,8,9,10,11,12,13,14,15,16,17,18,19,20,21,22,23,24,25,26,27,28,29,30,31,32,33,34,35,36,37,38,39,40,41,42,43,44,45,46,47,48,49,50,51,52,53,54,55
50,#FFFFFF,#FFFFFF,#FFFFFF,#FFFFFF,#FFFFFF,#FFFFFF,#FFFFFF,#FFFFFF,#FFFFFF,#FFFFFF,#FFFFFF,#FFFFFF,#FFFFFF,#FFFFFF,#FFFFFF,#FFFFFF,#FFFFFF,#FFFFFF,#FFFFFF,#FFFFFF,#FFFFFF,#FFFFFF,#FFFFFF,#FFFFFF,#FFFFFF,#FFFFFF,#FFFFFF,#FFFFFF,#666D4F,#666D4F,#666D4F,#FFFFFF,#FFFFFF,#FFFFFF,#FFFFFF,#FFFFFF,#FFFFFF,#FFFFFF,#FFFFFF,#FFFFFF,#FFFFFF,#FFFFFF,#FFFFFF,#FFFFFF,#FFFFFF,#FFFFFF,#FFFFFF,#FFFFFF,#FFFFFF,#FFFFFF,#FFFFFF,#FFFFFF,#FFFFFF,#FFFFFF,#FFFFFF
49,#FFFFFF,#FFFFFF,#FFFFFF,#FFFFFF,#FFFFFF,#FFFFFF,#FFFFFF,#FFFFFF,#FFFFFF,#FFFFFF,#FFFFFF,#FFFFFF,#FFFFFF,#FFFFFF,#FFFFFF,#FFFFFF,#FFFFFF,#FFFFFF,#FFFFFF,#FFFFFF,#FFFFFF,#FFFFFF,#FFFFFF,#FFFFFF,#FFFFFF,#FFFFFF,#FFFFFF,#666D4F,#666D4F,#C4CDAC,#666D4F,#666D4F,#FFFFFF,#FFFFFF,#FFFFFF,#FFFFFF,#FFFFFF,#FFFFFF,#FFFFFF,#FFFFFF,#FFFFFF,#FFFFFF,#FFFFFF,#FFFFFF,#FFFFFF,#FFFFFF,#FFFFFF,#FFFFFF,#FFFFFF,#FFFFFF,#FFFFFF,#FFFFFF,#FFFFFF,#FFFFFF,#FFFFFF
48,#FFFFFF,#FFFFFF,#FFFFFF,#FFFFFF,#FFFFFF,#FFFFFF,#FFFFFF,#FFFFFF,#FFFFFF,#FFFFFF,#FFFFFF,#FFFFFF,#FFFFFF,#FFFFFF,#FFFFFF,#FFFFFF,#FFFFFF,#FFFFFF,#FFFFFF,#FFFFFF,#FFFFFF,#FFFFFF,#FFFFFF,#FFFFFF,#FFFFFF,#FFFFFF,#666D4F,#969E7E,#666D4F,#C4CDAC,#666D4F,#666D4F,#FFFFFF,#FFFFFF,#FFFFFF,#FFFFFF,#FFFFFF,#FFFFFF,#FFFFFF,#FFFFFF,#FFFFFF,#FFFFFF,#FFFFFF,#FFFFFF,#FFFFFF,#FFFFFF,#FFFFFF,#FFFFFF,#FFFFFF,#FFFFFF,#FFFFFF,#FFFFFF,#FFFFFF,#FFFFFF,#FFFFFF
47,#FFFFFF,#FFFFFF,#FFFFFF,#FFFFFF,#FFFFFF,#FFFFFF,#FFFFFF,#FFFFFF,#FFFFFF,#FFFFFF,#FFFFFF,#FFFFFF,#FFFFFF,#FFFFFF,#FFFFFF,#FFFFFF,#FFFFFF,#FFFFFF,#FFFFFF,#FFFFFF,#FFFFFF,#FFFFFF,#FFFFFF,#FFFFFF,#FFFFFF,#FFFFFF,#666D4F,#969E7E,#666D4F,#C4CDAC,#666D4F,#666D4F,#FFFFFF,#FFFFFF,#FFFFFF,#FFFFFF,#FFFFFF,#FFFFFF,#FFFFFF,#FFFFFF,#FFFFFF,#FFFFFF,#FFFFFF,#FFFFFF,#FFFFFF,#FFFFFF,#FFFFFF,#FFFFFF,#FFFFFF,#FFFFFF,#FFFFFF,#FFFFFF,#FFFFFF,#FFFFFF,#FFFFFF
46,#FFFFFF,#FFFFFF,#FFFFFF,#FFFFFF,#FFFFFF,#FFFFFF,#FFFFFF,#FFFFFF,#FFFFFF,#FFFFFF,#FFFFFF,#FFFFFF,#FFFFFF,#FFFFFF,#FFFFFF,#FFFFFF,#FFFFFF,#FFFFFF,#FFFFFF,#FFFFFF,#FFFFFF,#FFFFFF,#FFFFFF,#FFFFFF,#FFFFFF,#FFFFFF,#666D4F,#969E7E,#666D4F,#C4CDAC,#666D4F,#666D4F,#FFFFFF,#FFFFFF,#FFFFFF,#FFFFFF,#FFFFFF,#FFFFFF,#FFFFFF,#FFFFFF,#FFFFFF,#FFFFFF,#FFFFFF,#FFFFFF,#FFFFFF,#FFFFFF,#FFFFFF,#FFFFFF,#FFFFFF,#FFFFFF,#FFFFFF,#FFFFFF,#FFFFFF,#FFFFFF,#FFFFFF
45,#FFFFFF,#FFFFFF,#FFFFFF,#FFFFFF,#FFFFFF,#FFFFFF,#FFFFFF,#FFFFFF,#FFFFFF,#FFFFFF,#FFFFFF,#FFFFFF,#FFFFFF,#FFFFFF,#FFFFFF,#FFFFFF,#FFFFFF,#FFFFFF,#FFFFFF,#FFFFFF,#FFFFFF,#FFFFFF,#FFFFFF,#FFFFFF,#FFFFFF,#FFFFFF,#666D4F,#969E7E,#666D4F,#C4CDAC,#666D4F,#C4CDAC,#666D4F,#FFFFFF,#FFFFFF,#FFFFFF,#FFFFFF,#FFFFFF,#FFFFFF,#FFFFFF,#FFFFFF,#FFFFFF,#FFFFFF,#FFFFFF,#FFFFFF,#FFFFFF,#FFFFFF,#FFFFFF,#FFFFFF,#FFFFFF,#FFFFFF,#FFFFFF,#FFFFFF,#FFFFFF,#FFFFFF
44,#FFFFFF,#FFFFFF,#FFFFFF,#FFFFFF,#FFFFFF,#FFFFFF,#FFFFFF,#FFFFFF,#FFFFFF,#FFFFFF,#FFFFFF,#FFFFFF,#FFFFFF,#FFFFFF,#FFFFFF,#FFFFFF,#FFFFFF,#FFFFFF,#FFFFFF,#FFFFFF,#FFFFFF,#FFFFFF,#FFFFFF,#FFFFFF,#FFFFFF,#FFFFFF,#666D4F,#969E7E,#666D4F,#C4CDAC,#666D4F,#C4CDAC,#666D4F,#FFFFFF,#FFFFFF,#FFFFFF,#FFFFFF,#FFFFFF,#FFFFFF,#FFFFFF,#FFFFFF,#FFFFFF,#FFFFFF,#FFFFFF,#FFFFFF,#FFFFFF,#FFFFFF,#FFFFFF,#FFFFFF,#FFFFFF,#FFFFFF,#FFFFFF,#FFFFFF,#FFFFFF,#FFFFFF
43,#FFFFFF,#FFFFFF,#FFFFFF,#FFFFFF,#FFFFFF,#FFFFFF,#FFFFFF,#FFFFFF,#FFFFFF,#FFFFFF,#FFFFFF,#FFFFFF,#FFFFFF,#FFFFFF,#FFFFFF,#FFFFFF,#FFFFFF,#FFFFFF,#FFFFFF,#FFFFFF,#FFFFFF,#FFFFFF,#FFFFFF,#FFFFFF,#FFFFFF,#FFFFFF,#666D4F,#969E7E,#666D4F,#C4CDAC,#666D4F,#C4CDAC,#666D4F,#FFFFFF,#FFFFFF,#FFFFFF,#FFFFFF,#FFFFFF,#FFFFFF,#FFFFFF,#FFFFFF,#FFFFFF,#FFFFFF,#FFFFFF,#FFFFFF,#FFFFFF,#FFFFFF,#FFFFFF,#FFFFFF,#FFFFFF,#FFFFFF,#FFFFFF,#FFFFFF,#FFFFFF,#FFFFFF
42,#FFFFFF,#FFFFFF,#FFFFFF,#FFFFFF,#FFFFFF,#FFFFFF,#FFFFFF,#FFFFFF,#FFFFFF,#FFFFFF,#FFFFFF,#FFFFFF,#FFFFFF,#FFFFFF,#FFFFFF,#FFFFFF,#FFFFFF,#FFFFFF,#FFFFFF,#FFFFFF,#FFFFFF,#FFFFFF,#FFFFFF,#FFFFFF,#FFFFFF,#FFFFFF,#666D4F,#969E7E,#666D4F,#C4CDAC,#666D4F,#C4CDAC,#666D4F,#FFFFFF,#FFFFFF,#FFFFFF,#FFFFFF,#FFFFFF,#FFFFFF,#FFFFFF,#FFFFFF,#FFFFFF,#FFFFFF,#FFFFFF,#FFFFFF,#FFFFFF,#FFFFFF,#FFFFFF,#FFFFFF,#FFFFFF,#FFFFFF,#FFFFFF,#FFFFFF,#FFFFFF,#FFFFFF
41,#FFFFFF,#FFFFFF,#FFFFFF,#FFFFFF,#FFFFFF,#FFFFFF,#FFFFFF,#FFFFFF,#FFFFFF,#FFFFFF,#FFFFFF,#FFFFFF,#FFFFFF,#FFFFFF,#FFFFFF,#FFFFFF,#FFFFFF,#FFFFFF,#FFFFFF,#FFFFFF,#FFFFFF,#FFFFFF,#FFFFFF,#FFFFFF,#FFFFFF,#FFFFFF,#666D4F,#969E7E,#666D4F,#C4CDAC,#666D4F,#C4CDAC,#666D4F,#FFFFFF,#FFFFFF,#FFFFFF,#FFFFFF,#FFFFFF,#FFFFFF,#FFFFFF,#FFFFFF,#FFFFFF,#FFFFFF,#FFFFFF,#FFFFFF,#FFFFFF,#FFFFFF,#FFFFFF,#FFFFFF,#FFFFFF,#FFFFFF,#FFFFFF,#FFFFFF,#FFFFFF,#FFFFFF
40,#FFFFFF,#FFFFFF,#FFFFFF,#FFFFFF,#FFFFFF,#FFFFFF,#FFFFFF,#FFFFFF,#FFFFFF,#FFFFFF,#FFFFFF,#FFFFFF,#FFFFFF,#FFFFFF,#FFFFFF,#FFFFFF,#FFFFFF,#FFFFFF,#FFFFFF,#FFFFFF,#FFFFFF,#FFFFFF,#FFFFFF,#FFFFFF,#FFFFFF,#FFFFFF,#666D4F,#969E7E,#666D4F,#C4CDAC,#666D4F,#C4CDAC,#666D4F,#FFFFFF,#FFFFFF,#FFFFFF,#FFFFFF,#FFFFFF,#666D4F,#666D4F,#666D4F,#FFFFFF,#FFFFFF,#FFFFFF,#FFFFFF,#FFFFFF,#FFFFFF,#FFFFFF,#FFFFFF,#FFFFFF,#FFFFFF,#FFFFFF,#FFFFFF,#FFFFFF,#FFFFFF
39,#FFFFFF,#FFFFFF,#FFFFFF,#FFFFFF,#FFFFFF,#FFFFFF,#FFFFFF,#FFFFFF,#FFFFFF,#FFFFFF,#FFFFFF,#FFFFFF,#FFFFFF,#FFFFFF,#FFFFFF,#FFFFFF,#FFFFFF,#FFFFFF,#FFFFFF,#FFFFFF,#FFFFFF,#FFFFFF,#FFFFFF,#FFFFFF,#FFFFFF,#FFFFFF,#666D4F,#969E7E,#666D4F,#C4CDAC,#666D4F,#C4CDAC,#666D4F,#FFFFFF,#FFFFFF,#FFFFFF,#FFFFFF,#666D4F,#C4CDAC,#C4CDAC,#C4CDAC,#666D4F,#FFFFFF,#FFFFFF,#FFFFFF,#FFFFFF,#FFFFFF,#FFFFFF,#FFFFFF,#FFFFFF,#FFFFFF,#FFFFFF,#FFFFFF,#FFFFFF,#FFFFFF
38,#FFFFFF,#FFFFFF,#FFFFFF,#FFFFFF,#FFFFFF,#FFFFFF,#FFFFFF,#FFFFFF,#FFFFFF,#FFFFFF,#FFFFFF,#FFFFFF,#FFFFFF,#FFFFFF,#FFFFFF,#FFFFFF,#FFFFFF,#FFFFFF,#FFFFFF,#FFFFFF,#FFFFFF,#FFFFFF,#666D4F,#666D4F,#FFFFFF,#FFFFFF,#666D4F,#969E7E,#666D4F,#C4CDAC,#666D4F,#666D4F,#666D4F,#666D4F,#FFFFFF,#FFFFFF,#FFFFFF,#666D4F,#C4CDAC,#666D4F,#C4CDAC,#666D4F,#FFFFFF,#FFFFFF,#FFFFFF,#FFFFFF,#FFFFFF,#FFFFFF,#FFFFFF,#FFFFFF,#FFFFFF,#FFFFFF,#FFFFFF,#FFFFFF,#FFFFFF
37,#FFFFFF,#FFFFFF,#FFFFFF,#FFFFFF,#FFFFFF,#FFFFFF,#FFFFFF,#FFFFFF,#FFFFFF,#FFFFFF,#FFFFFF,#FFFFFF,#FFFFFF,#FFFFFF,#FFFFFF,#FFFFFF,#FFFFFF,#FFFFFF,#FFFFFF,#FFFFFF,#FFFFFF,#666D4F,#666D4F,#C4CDAC,#666D4F,#FFFFFF,#666D4F,#969E7E,#666D4F,#C4CDAC,#666D4F,#666D4F,#666D4F,#C4CDAC,#666D4F,#FFFFFF,#FFFFFF,#666D4F,#C4CDAC,#666D4F,#C4CDAC,#666D4F,#FFFFFF,#FFFFFF,#FFFFFF,#FFFFFF,#FFFFFF,#FFFFFF,#FFFFFF,#FFFFFF,#FFFFFF,#FFFFFF,#FFFFFF,#FFFFFF,#FFFFFF
36,#FFFFFF,#FFFFFF,#FFFFFF,#FFFFFF,#FFFFFF,#FFFFFF,#FFFFFF,#FFFFFF,#FFFFFF,#FFFFFF,#FFFFFF,#FFFFFF,#FFFFFF,#FFFFFF,#FFFFFF,#FFFFFF,#FFFFFF,#FFFFFF,#FFFFFF,#FFFFFF,#FFFFFF,#666D4F,#666D4F,#C4CDAC,#666D4F,#FFFFFF,#666D4F,#969E7E,#666D4F,#C4CDAC,#666D4F,#969E7E,#666D4F,#C4CDAC,#666D4F,#FFFFFF,#FFFFFF,#666D4F,#C4CDAC,#666D4F,#C4CDAC,#666D4F,#FFFFFF,#FFFFFF,#FFFFFF,#FFFFFF,#FFFFFF,#FFFFFF,#FFFFFF,#FFFFFF,#FFFFFF,#FFFFFF,#FFFFFF,#FFFFFF,#FFFFFF
35,#FFFFFF,#FFFFFF,#FFFFFF,#FFFFFF,#FFFFFF,#FFFFFF,#FFFFFF,#FFFFFF,#FFFFFF,#FFFFFF,#FFFFFF,#FFFFFF,#FFFFFF,#FFFFFF,#FFFFFF,#FFFFFF,#FFFFFF,#FFFFFF,#FFFFFF,#FFFFFF,#FFFFFF,#666D4F,#666D4F,#C4CDAC,#666D4F,#FFFFFF,#666D4F,#969E7E,#666D4F,#C4CDAC,#666D4F,#969E7E,#666D4F,#C4CDAC,#666D4F,#FFFFFF,#FFFFFF,#666D4F,#C4CDAC,#666D4F,#C4CDAC,#666D4F,#FFFFFF,#FFFFFF,#FFFFFF,#FFFFFF,#FFFFFF,#FFFFFF,#FFFFFF,#FFFFFF,#FFFFFF,#FFFFFF,#FFFFFF,#FFFFFF,#FFFFFF
34,#FFFFFF,#FFFFFF,#FFFFFF,#FFFFFF,#FFFFFF,#FFFFFF,#FFFFFF,#FFFFFF,#FFFFFF,#FFFFFF,#FFFFFF,#FFFFFF,#FFFFFF,#FFFFFF,#FFFFFF,#FFFFFF,#FFFFFF,#FFFFFF,#FFFFFF,#FFFFFF,#FFFFFF,#666D4F,#666D4F,#C4CDAC,#666D4F,#FFFFFF,#666D4F,#969E7E,#666D4F,#C4CDAC,#666D4F,#969E7E,#666D4F,#C4CDAC,#666D4F,#FFFFFF,#FFFFFF,#666D4F,#C4CDAC,#666D4F,#C4CDAC,#666D4F,#FFFFFF,#FFFFFF,#FFFFFF,#FFFFFF,#FFFFFF,#FFFFFF,#FFFFFF,#FFFFFF,#FFFFFF,#FFFFFF,#FFFFFF,#FFFFFF,#FFFFFF
33,#FFFFFF,#FFFFFF,#FFFFFF,#FFFFFF,#FFFFFF,#FFFFFF,#FFFFFF,#FFFFFF,#FFFFFF,#FFFFFF,#FFFFFF,#FFFFFF,#FFFFFF,#FFFFFF,#FFFFFF,#FFFFFF,#FFFFFF,#FFFFFF,#FFFFFF,#FFFFFF,#FFFFFF,#666D4F,#666D4F,#C4CDAC,#666D4F,#FFFFFF,#666D4F,#969E7E,#666D4F,#C4CDAC,#666D4F,#969E7E,#666D4F,#C4CDAC,#666D4F,#FFFFFF,#666D4F,#666D4F,#C4CDAC,#666D4F,#C4CDAC,#666D4F,#FFFFFF,#FFFFFF,#FFFFFF,#FFFFFF,#FFFFFF,#FFFFFF,#FFFFFF,#FFFFFF,#FFFFFF,#FFFFFF,#FFFFFF,#FFFFFF,#FFFFFF
32,#FFFFFF,#FFFFFF,#D8E498,#D8E498,#D8E498,#D8E498,#FFFFFF,#FFFFFF,#FFFFFF,#FFFFFF,#FFFFFF,#FFFFFF,#FFFFFF,#FFFFFF,#FFFFFF,#FFFFFF,#FFFFFF,#FFFFFF,#FFFFFF,#FFFFFF,#FFFFFF,#666D4F,#969E7E,#666D4F,#C4CDAC,#666D4F,#666D4F,#969E7E,#666D4F,#C4CDAC,#666D4F,#666D4F,#666D4F,#666D4F,#FFFFFF,#FFFFFF,#666D4F,#C4CDAC,#C4CDAC,#666D4F,#C4CDAC,#666D4F,#FFFFFF,#FFFFFF,#FFFFFF,#FFFFFF,#FFFFFF,#FFFFFF,#FFFFFF,#FFFFFF,#FFFFFF,#FFFFFF,#FFFFFF,#FFFFFF,#FFFFFF
31,#FFFFFF,#D8E498,#D8E498,#F5ECCB,#D8E498,#D8E498,#D8E498,#FFFFFF,#FFFFFF,#FFFFFF,#FFFFFF,#FFFFFF,#FFFFFF,#FFFFFF,#FFFFFF,#FFFFFF,#AEBF79,#AEBF79,#AEBF79,#AEBF79,#FFFFFF,#666D4F,#969E7E,#666D4F,#C4CDAC,#C4CDAC,#666D4F,#969E7E,#666D4F,#C4CDAC,#666D4F,#C4CDAC,#666D4F,#FFFFFF,#FFFFFF,#FFFFFF,#666D4F,#C4CDAC,#666D4F,#C4CDAC,#C4CDAC,#666D4F,#FFFFFF,#FFFFFF,#FFFFFF,#FFFFFF,#FFFFFF,#FFFFFF,#FFFFFF,#FFFFFF,#FFFFFF,#FFFFFF,#FFFFFF,#FFFFFF,#FFFFFF
30,#D8E498,#D8E498,#D8E498,#D8E498,#D8E498,#F5ECCB,#D8E498,#D8E498,#FFFFFF,#FFFFFF,#FFFFFF,#FFFFFF,#FFFFFF,#FFFFFF,#FFFFFF,#AEBF79,#AEBF79,#F5ECCB,#AEBF79,#AEBF79,#AEBF79,#FFFFFF,#666D4F,#969E7E,#666D4F,#C4CDAC,#666D4F,#969E7E,#666D4F,#C4CDAC,#666D4F,#C4CDAC,#666D4F,#FFFFFF,#FFFFFF,#FFFFFF,#666D4F,#C4CDAC,#666D4F,#C4CDAC,#666D4F,#FFFFFF,#FFFFFF,#FFFFFF,#FFFFFF,#FFFFFF,#FFFFFF,#FFFFFF,#FFFFFF,#FFFFFF,#FFFFFF,#FFFFFF,#FFFFFF,#FFFFFF,#FFFFFF
29,#D8E498,#D8E498,#D8E498,#D8E498,#D8E498,#D8E498,#D8E498,#D8E498,#FFFFFF,#FFFFFF,#FFFFFF,#FFFFFF,#FFFFFF,#FFFFFF,#FFFFFF,#AEBF79,#AEBF79,#AEBF79,#AEBF79,#AEBF79,#AEBF79,#FFFFFF,#FFFFFF,#666D4F,#969E7E,#666D4F,#666D4F,#969E7E,#666D4F,#C4CDAC,#666D4F,#C4CDAC,#666D4F,#FFFFFF,#FFFFFF,#FFFFFF,#666D4F,#C4CDAC,#666D4F,#C4CDAC,#666D4F,#FFFFFF,#FFFFFF,#FFFFFF,#FFFFFF,#FFFFFF,#FFFFFF,#FFFFFF,#FFFFFF,#FFFFFF,#FFFFFF,#FFFFFF,#FFFFFF,#FFFFFF,#FFFFFF
28,#D8E498,#D8E498,#F5ECCB,#D8E498,#D8E498,#D8E498,#D8E498,#D8E498,#D8E498,#FFFFFF,#FFFFFF,#FFFFFF,#FFFFFF,#FFFFFF,#AEBF79,#AEBF79,#AEBF79,#AEBF79,#F5ECCB,#AEBF79,#AEBF79,#FFFFFF,#FFFFFF,#FFFFFF,#666D4F,#666D4F,#666D4F,#969E7E,#666D4F,#C4CDAC,#666D4F,#C4CDAC,#666D4F,#FFFFFF,#FFFFFF,#666D4F,#666D4F,#C4CDAC,#666D4F,#C4CDAC,#666D4F,#FFFFFF,#FFFFFF,#FFFFFF,#FFFFFF,#FFFFFF,#FFFFFF,#FFFFFF,#FFFFFF,#FFFFFF,#FFFFFF,#FFFFFF,#FFFFFF,#FFFFFF,#FFFFFF
27,#FFFFFF,#D8E498,#D8E498,#D8E498,#D8E498,#F5ECCB,#D8E498,#D8E498,#D8E498,#FFFFFF,#FFFFFF,#FFFFFF,#FFFFFF,#FFFFFF,#AEBF79,#AEBF79,#AEBF79,#AEBF79,#AEBF79,#AEBF79,#AEBF79,#FFFFFF,#FFFFFF,#FFFFFF,#FFFFFF,#FFFFFF,#666D4F,#969E7E,#666D4F,#C4CDAC,#666D4F,#C4CDAC,#666D4F,#FFFFFF,#FFFFFF,#666D4F,#C4CDAC,#C4CDAC,#666D4F,#C4CDAC,#666D4F,#FFFFFF,#FFFFFF,#FFFFFF,#FFFFFF,#FFFFFF,#FFFFFF,#FFFFFF,#FFFFFF,#FFFFFF,#FFFFFF,#FFFFFF,#FFFFFF,#FFFFFF,#FFFFFF
26,#FFFFFF,#D8E498,#D8E498,#D8E498,#D8E498,#D8E498,#D8E498,#D8E498,#D8E498,#FFFFFF,#FFFFFF,#FFFFFF,#FFFFFF,#FFFFFF,#AEBF79,#AEBF79,#F5ECCB,#AEBF79,#AEBF79,#AEBF79,#FFFFFF,#FFFFFF,#FFFFFF,#FFFFFF,#FFFFFF,#FFFFFF,#666D4F,#969E7E,#666D4F,#C4CDAC,#666D4F,#C4CDAC,#666D4F,#FFFFFF,#FFFFFF,#666D4F,#C4CDAC,#666D4F,#C4CDAC,#C4CDAC,#666D4F,#FFFFFF,#FFFFFF,#FFFFFF,#FFFFFF,#FFFFFF,#FFFFFF,#FFFFFF,#FFFFFF,#FFFFFF,#FFFFFF,#FFFFFF,#FFFFFF,#FFFFFF,#FFFFFF
25,#FFFFFF,#FFFFFF,#D8E498,#D8E498,#D8E498,#D8E498,#D8E498,#F5ECCB,#D8E498,#FFFFFF,#72843C,#72843C,#72843C,#72843C,#AEBF79,#AEBF79,#AEBF79,#AEBF79,#AEBF79,#FFFFFF,#FFFFFF,#FFFFFF,#FFFFFF,#FFFFFF,#FFFFFF,#FFFFFF,#666D4F,#969E7E,#666D4F,#C4CDAC,#666D4F,#C4CDAC,#666D4F,#FFFFFF,#FFFFFF,#666D4F,#C4CDAC,#666D4F,#C4CDAC,#666D4F,#FFFFFF,#FFFFFF,#FFFFFF,#FFFFFF,#FFFFFF,#BDCBCB,#FFFFFF,#FFFFFF,#FFFFFF,#5B9071,#FFFFFF,#FFFFFF,#FFFFFF,#FFFFFF,#FFFFFF
24,#FFFFFF,#FFFFFF,#FFFFFF,#D8E498,#D8E498,#D8E498,#D8E498,#D8E498,#D8E498,#72843C,#72843C,#72843C,#F5ECCB,#72843C,#AEBF79,#AEBF79,#AEBF79,#AEBF79,#FFFFFF,#FFFFFF,#666D4F,#666D4F,#FFFFFF,#FFFFFF,#FFFFFF,#FFFFFF,#666D4F,#969E7E,#666D4F,#C4CDAC,#666D4F,#C4CDAC,#666D4F,#FFFFFF,#666D4F,#666D4F,#C4CDAC,#666D4F,#5B9071,#666D4F,#FFFFFF,#FFFFFF,#FFFFFF,#FFFFFF,#FFFFFF,#BDCBCB,#FFFFFF,#FFFFFF,#FFFFFF,#5B9071,#FFFFFF,#FFFFFF,#FFFFFF,#FFFFFF,#FFFFFF
23,#FFFFFF,#FFFFFF,#FFFFFF,#FFFFFF,#FFFFFF,#D8E498,#D8E498,#D8E498,#72843C,#72843C,#72843C,#72843C,#72843C,#72843C,#AEBF79,#AEBF79,#AEBF79,#FFFFFF,#FFFFFF,#666D4F,#969E7E,#666D4F,#666D4F,#FFFFFF,#FFFFFF,#FFFFFF,#666D4F,#969E7E,#666D4F,#C4CDAC,#666D4F,#C4CDAC,#666D4F,#FFFFFF,#666D4F,#969E7E,#666D4F,#C4CDAC,#5B9071,#666D4F,#FFFFFF,#FFFFFF,#FFFFFF,#FFFFFF,#FFFFFF,#BDCBCB,#7BAC94,#FFFFFF,#FFFFFF,#5B9071,#FFFFFF,#FFFFFF,#FFFFFF,#FFFFFF,#FFFFFF
22,#FFFFFF,#FFFFFF,#FFFFFF,#FFFFFF,#FFFFFF,#FFFFFF,#FFFFFF,#72843C,#72843C,#72843C,#72843C,#F5ECCB,#72843C,#72843C,#72843C,#72843C,#FFFFFF,#FFFFFF,#FFFFFF,#666D4F,#969E7E,#666D4F,#666D4F,#FFFFFF,#FFFFFF,#FFFFFF,#666D4F,#969E7E,#666D4F,#C4CDAC,#666D4F,#C4CDAC,#666D4F,#FFFFFF,#666D4F,#969E7E,#666D4F,#C4CDAC,#5B9071,#FFFFFF,#FFFFFF,#FFFFFF,#FFFFFF,#FFFFFF,#7BAC94,#7BAC94,#BDCBCB,#FFFFFF,#FFFFFF,#5B9071,#5B9071,#FFFFFF,#FFFFFF,#FFFFFF,#FFFFFF
21,#FFFFFF,#FFFFFF,#FFFFFF,#FFFFFF,#FFFFFF,#FFFFFF,#FFFFFF,#72843C,#72843C,#F5ECCB,#72843C,#72843C,#72843C,#72843C,#72843C,#72843C,#72843C,#FFFFFF,#FFFFFF,#666D4F,#969E7E,#666D4F,#C4CDAC,#666D4F,#FFFFFF,#FFFFFF,#666D4F,#969E7E,#666D4F,#C4CDAC,#666D4F,#C4CDAC,#666D4F,#FFFFFF,#666D4F,#969E7E,#666D4F,#5B9071,#5B9071,#FFFFFF,#FFFFFF,#FFFFFF,#FFFFFF,#FFFFFF,#BDCBCB,#BDCBCB,#BDCBCB,#FFFFFF,#FFFFFF,#5B9071,#5B9071,#FFFFFF,#FFFFFF,#FFFFFF,#FFFFFF
20,#FFFFFF,#FFFFFF,#FFFFFF,#FFFFFF,#FFFFFF,#FFFFFF,#FFFFFF,#72843C,#72843C,#72843C,#72843C,#72843C,#72843C,#72843C,#F5ECCB,#72843C,#72843C,#FFFFFF,#FFFFFF,#666D4F,#969E7E,#666D4F,#C4CDAC,#D8E498,#D8E498,#D8E498,#D8E498,#969E7E,#666D4F,#C4CDAC,#666D4F,#C4CDAC,#666D4F,#666D4F,#BDCBCB,#666D4F,#C4CDAC,#5B9071,#5B9071,#FFFFFF,#FFFFFF,#FFFFFF,#FFFFFF,#FFFFFF,#BDCBCB,#7BAC94,#7BAC94,#FFFFFF,#FFFFFF,#5B9071,#5B9071,#FFFFFF,#FFFFFF,#FFFFFF,#FFFFFF
19,#FFFFFF,#FFFFFF,#FFFFFF,#FFFFFF,#FFFFFF,#FFFFFF,#FFFFFF,#72843C,#72843C,#72843C,#72843C,#72843C,#72843C,#72843C,#72843C,#72843C,#72843C,#FFFFFF,#FFFFFF,#666D4F,#969E7E,#666D4F,#D8E498,#D8E498,#D8E498,#D8E498,#D8E498,#D8E498,#666D4F,#C4CDAC,#666D4F,#C4CDAC,#666D4F,#969E7E,#BDCBCB,#666D4F,#C4CDAC,#5B9071,#5B9071,#5B9071,#FFFFFF,#FFFFFF,#FFFFFF,#7BAC94,#7BAC94,#7BAC94,#BDCBCB,#FFFFFF,#5B9071,#5B9071,#5B9071,#FFFFFF,#BDCBCB,#FFFFFF,#FFFFFF
18,#FFFFFF,#FFFFFF,#FFFFFF,#FFFFFF,#FFFFFF,#FFFFFF,#FFFFFF,#72843C,#72843C,#F5ECCB,#72843C,#72843C,#F5ECCB,#72843C,#72843C,#72843C,#72843C,#FFFFFF,#FFFFFF,#666D4F,#969E7E,#D8E498,#D8E498,#D8E498,#D8E498,#D8E498,#F5ECCB,#D8E498,#D8E498,#C4CDAC,#666D4F,#C4CDAC,#666D4F,#969E7E,#7BAC94,#BDCBCB,#C4CDAC,#5B9071,#5B9071,#5B9071,#FFFFFF,#FFFFFF,#FFFFFF,#BDCBCB,#BDCBCB,#BDCBCB,#BDCBCB,#5B9071,#5B9071,#5B9071,#5B9071,#FFFFFF,#BDCBCB,#FFFFFF,#FFFFFF
17,#FFFFFF,#FFFFFF,#FFFFFF,#FFFFFF,#FFFFFF,#FFFFFF,#FFFFFF,#FFFFFF,#72843C,#72843C,#72843C,#72843C,#72843C,#72843C,#72843C,#72843C,#72843C,#FFFFFF,#FFFFFF,#666D4F,#D8E498,#D8E498,#D8E498,#F5ECCB,#D8E498,#D8E498,#D8E498,#D8E498,#D8E498,#C4CDAC,#666D4F,#C4CDAC,#666D4F,#666D4F,#7BAC94,#7BAC94,#666D4F,#FFFFFF,#5B9071,#5B9071,#FFFFFF,#FFFFFF,#BDCBCB,#BDCBCB,#BDCBCB,#BDCBCB,#FFFFFF,#5B9071,#5B9071,#5B9071,#FFFFFF,#7BAC94,#BDCBCB,#FFFFFF,#FFFFFF
16,#FFFFFF,#FFFFFF,#FFFFFF,#FFFFFF,#FFFFFF,#FFFFFF,#FFFFFF,#FFFFFF,#72843C,#72843C,#72843C,#72843C,#72843C,#72843C,#72843C,#72843C,#FFFFFF,#FFFFFF,#FFFFFF,#666D4F,#D8E498,#D8E498,#D8E498,#D8E498,#D8E498,#D8E498,#D8E498,#D8E498,#D8E498,#C4CDAC,#666D4F,#C4CDAC,#666D4F,#969E7E,#BDCBCB,#BDCBCB,#BDCBCB,#FFFFFF,#5B9071,#5B9071,#5B9071,#FFFFFF,#BDCBCB,#BDCBCB,#7BAC94,#7BAC94,#5B9071,#5B9071,#5B9071,#5B9071,#FFFFFF,#7BAC94,#7BAC94,#FFFFFF,#5B9071
15,#FFFFFF,#FFFFFF,#FFFFFF,#FFFFFF,#FFFFFF,#FFFFFF,#FFFFFF,#FFFFFF,#72843C,#72843C,#72843C,#F5ECCB,#72843C,#72843C,#72843C,#72843C,#FFFFFF,#FFFFFF,#FFFFFF,#D8E498,#D8E498,#D8E498,#D8E498,#D8E498,#F5ECCB,#D8E498,#D8E498,#D8E498,#D8E498,#C4CDAC,#666D4F,#C4CDAC,#666D4F,#969E7E,#7BAC94,#BDCBCB,#BDCBCB,#FFFFFF,#5B9071,#5B9071,#5B9071,#FFFFFF,#7BAC94,#7BAC94,#7BAC94,#FFFFFF,#5B9071,#5B9071,#5B9071,#FFFFFF,#BDCBCB,#BDCBCB,#BDCBCB,#FFFFFF,#5B9071
14,#FFFFFF,#FFFFFF,#FFFFFF,#FFFFFF,#FFFFFF,#FFFFFF,#FFFFFF,#FFFFFF,#FFFFFF,#72843C,#72843C,#72843C,#72843C,#72843C,#72843C,#AEBF79,#AEBF79,#AEBF79,#FFFFFF,#D8E498,#D8E498,#D8E498,#D8E498,#D8E498,#D8E498,#D8E498,#D8E498,#D8E498,#666D4F,#C4CDAC,#666D4F,#5B9071,#666D4F,#666D4F,#7BAC94,#7BAC94,#BDCBCB,#BDCBCB,#5B9071,#5B9071,#5B9071,#FFFFFF,#BDCBCB,#BDCBCB,#BDCBCB,#5B9071,#5B9071,#5B9071,#5B9071,#FFFFFF,#7BAC94,#BDCBCB,#FFFFFF,#5B9071,#5B9071
13,#FFFFFF,#FFFFFF,#FFFFFF,#FFFFFF,#FFFFFF,#FFFFFF,#FFFFFF,#FFFFFF,#FFFFFF,#FFFFFF,#72843C,#72843C,#72843C,#72843C,#72843C,#AEBF79,#AEBF79,#AEBF79,#AEBF79,#D8E498,#D8E498,#F5ECCB,#D8E498,#D8E498,#D8E498,#D8E498,#D8E498,#D8E498,#666D4F,#C4CDAC,#666D4F,#5B9071,#666D4F,#FFFFFF,#FFFFFF,#7BAC94,#7BAC94,#7BAC94,#5B9071,#5B9071,#5B9071,#FFFFFF,#BDCBCB,#BDCBCB,#BDCBCB,#5B9071,#5B9071,#5B9071,#5B9071,#BDCBCB,#7BAC94,#7BAC94,#FFFFFF,#5B9071,#5B9071
12,#FFFFFF,#FFFFFF,#FFFFFF,#FFFFFF,#FFFFFF,#FFFFFF,#FFFFFF,#FFFFFF,#FFFFFF,#FFFFFF,#FFFFFF,#AEBF79,#AEBF79,#AEBF79,#AEBF79,#AEBF79,#AEBF79,#AEBF79,#AEBF79,#D8E498,#D8E498,#D8E498,#D8E498,#D8E498,#F5ECCB,#D8E498,#D8E498,#969E7E,#666D4F,#C4CDAC,#666D4F,#5B9071,#5B9071,#FFFFFF,#FFFFFF,#BDCBCB,#BDCBCB,#BDCBCB,#BDCBCB,#5B9071,#5B9071,#5B9071,#BDCBCB,#7BAC94,#7BAC94,#5B9071,#5B9071,#5B9071,#BDCBCB,#BDCBCB,#BDCBCB,#BDCBCB,#5B9071,#5B9071,#5B9071
11,#FFFFFF,#FFFFFF,#FFFFFF,#FFFFFF,#72843C,#72843C,#72843C,#72843C,#72843C,#FFFFFF,#AEBF79,#AEBF79,#F5ECCB,#AEBF79,#AEBF79,#AEBF79,#F5ECCB,#AEBF79,#AEBF79,#D8E498,#D8E498,#D8E498,#D8E498,#D8E498,#D8E498,#D8E498,#666D4F,#969E7E,#666D4F,#C4CDAC,#666D4F,#5B9071,#5B9071,#5B9071,#FFFFFF,#BDCBCB,#7BAC94,#BDCBCB,#BDCBCB,#5B9071,#5B9071,#5B9071,#7BAC94,#7BAC94,#5B9071,#5B9071,#5B9071,#5B9071,#7BAC94,#BDCBCB,#BDCBCB,#FFFFFF,#5B9071,#5B9071,#5B9071
10,#FFFFFF,#FFFFFF,#FFFFFF,#72843C,#72843C,#72843C,#72843C,#F5ECCB,#72843C,#72843C,#AEBF79,#AEBF79,#AEBF79,#AEBF79,#AEBF79,#AEBF79,#AEBF79,#AEBF79,#AEBF79,#D8E498,#D8E498,#D8E498,#D8E498,#D8E498,#969E7E,#666D4F,#666D4F,#969E7E,#666D4F,#C4CDAC,#666D4F,#C4CDAC,#5B9071,#5B9071,#5B9071,#FFFFFF,#7BAC94,#7BAC94,#7BAC94,#5B9071,#5B9071,#5B9071,#BDCBCB,#BDCBCB,#5B9071,#5B9071,#5B9071,#BDCBCB,#7BAC94,#7BAC94,#FFFFFF,#5B9071,#5B9071,#5B9071,#FFFFFF
9,#FFFFFF,#FFFFFF,#FFFFFF,#72843C,#72843C,#F5ECCB,#72843C,#72843C,#72843C,#72843C,#AEBF79,#AEBF79,#AEBF79,#AEBF79,#AEBF79,#AEBF79,#AEBF79,#AEBF79,#AEBF79,#AEBF79,#D8E498,#FFFFFF,#FFFFFF,#666D4F,#969E7E,#969E7E,#666D4F,#969E7E,#666D4F,#C4CDAC,#666D4F,#C4CDAC,#5B9071,#5B9071,#5B9071,#5B9071,#BDCBCB,#BDCBCB,#BDCBCB,#5B9071,#5B9071,#BDCBCB,#BDCBCB,#BDCBCB,#5B9071,#BDCBCB,#7BAC94,#BDCBCB,#BDCBCB,#BDCBCB,#5B9071,#5B9071,#5B9071,#5B9071,#FFFFFF
8,#FFFFFF,#FFFFFF,#FFFFFF,#FFFFFF,#72843C,#72843C,#72843C,#F5ECCB,#72843C,#72843C,#AEBF79,#AEBF79,#AEBF79,#AEBF79,#AEBF79,#F5ECCB,#AEBF79,#AEBF79,#AEBF79,#AEBF79,#AEBF79,#AEBF79,#FFFFFF,#FFFFFF,#666D4F,#666D4F,#666D4F,#969E7E,#666D4F,#C4CDAC,#666D4F,#C4CDAC,#666D4F,#5B9071,#5B9071,#5B9071,#5B9071,#BDCBCB,#BDCBCB,#BDCBCB,#5B9071,#BDCBCB,#7BAC94,#5B9071,#5B9071,#BDCBCB,#7BAC94,#7BAC94,#7BAC94,#5B9071,#5B9071,#5B9071,#5B9071,#FFFFFF,#FFFFFF
7,#FFFFFF,#FFFFFF,#FFFFFF,#FFFFFF,#FFFFFF,#72843C,#72843C,#72843C,#72843C,#FFFFFF,#AEBF79,#AEBF79,#F5ECCB,#AEBF79,#AEBF79,#AEBF79,#AEBF79,#AEBF79,#AEBF79,#F5ECCB,#AEBF79,#AEBF79,#FFFFFF,#FFFFFF,#FFFFFF,#FFFFFF,#666D4F,#969E7E,#666D4F,#C4CDAC,#666D4F,#C4CDAC,#666D4F,#FFFFFF,#5B9071,#5B9071,#5B9071,#5B9071,#7BAC94,#BDCBCB,#5B9071,#7BAC94,#7BAC94,#5B9071,#7BAC94,#BDCBCB,#BDCBCB,#BDCBCB,#5B9071,#5B9071,#5B9071,#5B9071,#FFFFFF,#FFFFFF,#FFFFFF
6,#FFFFFF,#FFFFFF,#FFFFFF,#FFFFFF,#FFFFFF,#FFFFFF,#FFFFFF,#FFFFFF,#FFFFFF,#FFFFFF,#AEBF79,#AEBF79,#AEBF79,#AEBF79,#AEBF79,#AEBF79,#AEBF79,#AEBF79,#AEBF79,#AEBF79,#AEBF79,#AEBF79,#FFFFFF,#FFFFFF,#FFFFFF,#FFFFFF,#666D4F,#969E7E,#666D4F,#C4CDAC,#666D4F,#C4CDAC,#666D4F,#FFFFFF,#FFFFFF,#5B9071,#5B9071,#5B9071,#7BAC94,#7BAC94,#5B9071,#BDCBCB,#BDCBCB,#5B9071,#7BAC94,#7BAC94,#5B9071,#5B9071,#5B9071,#5B9071,#5B9071,#FFFFFF,#FFFFFF,#FFFFFF,#FFFFFF
5,#FFFFFF,#FFFFFF,#FFFFFF,#FFFFFF,#FFFFFF,#FFFFFF,#FFFFFF,#FFFFFF,#FFFFFF,#FFFFFF,#FFFFFF,#AEBF79,#AEBF79,#AEBF79,#AEBF79,#AEBF79,#AEBF79,#F5ECCB,#AEBF79,#AEBF79,#AEBF79,#AEBF79,#FFFFFF,#FFFFFF,#FFFFFF,#FFFFFF,#666D4F,#969E7E,#666D4F,#C4CDAC,#666D4F,#C4CDAC,#666D4F,#FFFFFF,#FFFFFF,#FFFFFF,#5B9071,#5B9071,#5B9071,#BDCBCB,#5B9071,#BDCBCB,#BDCBCB,#5B9071,#BDCBCB,#5B9071,#5B9071,#5B9071,#5B9071,#5B9071,#FFFFFF,#FFFFFF,#FFFFFF,#FFFFFF,#FFFFFF
4,#FFFFFF,#FFFFFF,#FFFFFF,#FFFFFF,#FFFFFF,#FFFFFF,#FFFFFF,#FFFFFF,#FFFFFF,#FFFFFF,#FFFFFF,#AEBF79,#AEBF79,#AEBF79,#AEBF79,#AEBF79,#AEBF79,#AEBF79,#AEBF79,#AEBF79,#AEBF79,#FFFFFF,#FFFFFF,#FFFFFF,#FFFFFF,#FFFFFF,#666D4F,#969E7E,#666D4F,#969E7E,#666D4F,#C4CDAC,#666D4F,#FFFFFF,#FFFFFF,#FFFFFF,#5B9071,#5B9071,#5B9071,#5B9071,#5B9071,#BDCBCB,#5B9071,#5B9071,#5B9071,#5B9071,#5B9071,#5B9071,#FFFFFF,#FFFFFF,#FFFFFF,#FFFFFF,#FFFFFF,#FFFFFF,#FFFFFF
3,#FFFFFF,#FFFFFF,#FFFFFF,#FFFFFF,#FFFFFF,#FFFFFF,#FFFFFF,#FFFFFF,#FFFFFF,#FFFFFF,#FFFFFF,#FFFFFF,#AEBF79,#AEBF79,#AEBF79,#F5ECCB,#AEBF79,#AEBF79,#AEBF79,#AEBF79,#AEBF79,#FFFFFF,#FFFFFF,#FFFFFF,#FFFFFF,#FFFFFF,#666D4F,#969E7E,#666D4F,#969E7E,#666D4F,#C4CDAC,#666D4F,#FFFFFF,#FFFFFF,#FFFFFF,#FFFFFF,#5B9071,#5B9071,#5B9071,#5B9071,#5B9071,#5B9071,#5B9071,#5B9071,#5B9071,#5B9071,#FFFFFF,#FFFFFF,#FFFFFF,#FFFFFF,#FFFFFF,#FFFFFF,#FFFFFF,#FFFFFF
2,#FFFFFF,#FFFFFF,#FFFFFF,#FFFFFF,#FFFFFF,#FFFFFF,#FFFFFF,#FFFFFF,#FFFFFF,#FFFFFF,#FFFFFF,#FFFFFF,#FFFFFF,#AEBF79,#AEBF79,#AEBF79,#AEBF79,#AEBF79,#F5ECCB,#AEBF79,#FFFFFF,#FFFFFF,#FFFFFF,#FFFFFF,#FFFFFF,#FFFFFF,#666D4F,#969E7E,#666D4F,#969E7E,#666D4F,#C4CDAC,#666D4F,#FFFFFF,#FFFFFF,#FFFFFF,#FFFFFF,#FFFFFF,#5B9071,#5B9071,#5B9071,#5B9071,#5B9071,#5B9071,#5B9071,#FFFFFF,#FFFFFF,#FFFFFF,#FFFFFF,#FFFFFF,#FFFFFF,#FFFFFF,#FFFFFF,#FFFFFF,#FFFFFF
1,#FFFFFF,#FFFFFF,#FFFFFF,#FFFFFF,#FFFFFF,#FFFFFF,#FFFFFF,#FFFFFF,#FFFFFF,#FFFFFF,#FFFFFF,#FFFFFF,#FFFFFF,#FFFFFF,#AEBF79,#AEBF79,#AEBF79,#AEBF79,#AEBF79,#AEBF79,#FFFFFF,#FFFFFF,#FFFFFF,#FFFFFF,#FFFFFF,#FFFFFF,#666D4F,#969E7E,#666D4F,#969E7E,#666D4F,#C4CDAC,#666D4F,#FFFFFF,#FFFFFF,#FFFFFF,#FFFFFF,#FFFFFF,#FFFFFF,#5B9071,#5B9071,#5B9071,#5B9071,#5B9071,#FFFFFF,#FFFFFF,#FFFFFF,#FFFFFF,#FFFFFF,#FFFFFF,#FFFFFF,#FFFFFF,#FFFFFF,#FFFFFF,#FFFFFF
